{
    "name": "root",
    "gauges": {
        "Hummingbird.Policy.Entropy.mean": {
            "value": 1.4379215240478516,
            "min": 1.418235182762146,
            "max": 1.438989281654358,
            "count": 85
        },
        "Hummingbird.Policy.Entropy.sum": {
            "value": 14448.2353515625,
            "min": 13978.1259765625,
            "max": 14458.96484375,
            "count": 85
        },
        "Hummingbird.Step.mean": {
            "value": 849920.0,
            "min": 9920.0,
            "max": 849920.0,
            "count": 85
        },
        "Hummingbird.Step.sum": {
            "value": 849920.0,
            "min": 9920.0,
            "max": 849920.0,
            "count": 85
        },
        "Hummingbird.Policy.ExtrinsicValueEstimate.mean": {
            "value": -0.027930572628974915,
            "min": -0.2200459986925125,
            "max": 0.2742235064506531,
            "count": 85
        },
        "Hummingbird.Policy.ExtrinsicValueEstimate.sum": {
            "value": -2.234445810317993,
            "min": -17.603679656982422,
            "max": 21.937881469726562,
            "count": 85
        },
        "Hummingbird.Environment.EpisodeLength.mean": {
            "value": 999.0,
            "min": 999.0,
            "max": 999.0,
            "count": 85
        },
        "Hummingbird.Environment.EpisodeLength.sum": {
            "value": 7992.0,
            "min": 7992.0,
            "max": 15984.0,
            "count": 85
        },
        "Hummingbird.Environment.CumulativeReward.mean": {
            "value": -0.16666666666666666,
            "min": -3.7222222222222223,
            "max": 0.0,
            "count": 85
        },
        "Hummingbird.Environment.CumulativeReward.sum": {
            "value": -1.5,
            "min": -33.5,
            "max": 0.0,
            "count": 85
        },
        "Hummingbird.Policy.ExtrinsicReward.mean": {
            "value": -0.16666666666666666,
            "min": -3.7222222222222223,
            "max": 0.0,
            "count": 85
        },
        "Hummingbird.Policy.ExtrinsicReward.sum": {
            "value": -1.5,
            "min": -33.5,
            "max": 0.0,
            "count": 85
        },
        "Hummingbird.IsTraining.mean": {
            "value": 1.0,
            "min": 1.0,
            "max": 1.0,
            "count": 85
        },
        "Hummingbird.IsTraining.sum": {
            "value": 1.0,
            "min": 1.0,
            "max": 1.0,
            "count": 85
        },
        "Hummingbird.Losses.PolicyLoss.mean": {
            "value": 0.016627364643500186,
            "min": 0.012934899128352603,
            "max": 0.022990008431952445,
            "count": 40
        },
        "Hummingbird.Losses.PolicyLoss.sum": {
            "value": 0.016627364643500186,
            "min": 0.012934899128352603,
            "max": 0.022990008431952445,
            "count": 40
        },
        "Hummingbird.Losses.ValueLoss.mean": {
            "value": 0.0012682242377195507,
            "min": 0.0005867119102428357,
            "max": 0.02590946505467097,
            "count": 40
        },
        "Hummingbird.Losses.ValueLoss.sum": {
            "value": 0.0012682242377195507,
            "min": 0.0005867119102428357,
            "max": 0.02590946505467097,
            "count": 40
        },
        "Hummingbird.Policy.LearningRate.mean": {
            "value": 0.0002496000167999999,
            "min": 0.0002496000167999999,
            "max": 0.0002987328004223999,
            "count": 40
        },
        "Hummingbird.Policy.LearningRate.sum": {
            "value": 0.0002496000167999999,
            "min": 0.0002496000167999999,
            "max": 0.0002987328004223999,
            "count": 40
        },
        "Hummingbird.Policy.Epsilon.mean": {
            "value": 0.18320000000000006,
            "min": 0.18320000000000006,
            "max": 0.19957759999999994,
            "count": 40
        },
        "Hummingbird.Policy.Epsilon.sum": {
            "value": 0.18320000000000006,
            "min": 0.18320000000000006,
            "max": 0.19957759999999994,
            "count": 40
        },
        "Hummingbird.Policy.Beta.mean": {
            "value": 0.00416168,
            "min": 0.00416168,
            "max": 0.004978922239999999,
            "count": 40
        },
        "Hummingbird.Policy.Beta.sum": {
            "value": 0.00416168,
            "min": 0.00416168,
            "max": 0.004978922239999999,
            "count": 40
        }
    },
    "metadata": {
        "timer_format_version": "0.1.0",
        "start_time_seconds": "1670791319",
        "python_version": "3.7.15 (default, Nov 24 2022, 18:44:54) [MSC v.1916 64 bit (AMD64)]",
        "command_line_arguments": "C:\\Users\\Nadia\\anaconda3\\envs\\ml-agents-1.0\\Scripts\\mlagents-learn .\\trainer_config.yaml --run-id hb_04",
        "mlagents_version": "0.29.0",
        "mlagents_envs_version": "0.29.0",
        "communication_protocol_version": "1.5.0",
        "pytorch_version": "1.13.0+cpu",
        "numpy_version": "1.21.2",
        "end_time_seconds": "1670794402"
    },
    "total": 3083.4971231,
    "count": 1,
    "self": 0.00613580000026559,
    "children": {
        "run_training.setup": {
            "total": 0.08641209999999999,
            "count": 1,
            "self": 0.08641209999999999
        },
        "TrainerController.start_learning": {
            "total": 3083.4045751999997,
            "count": 1,
            "self": 1.812899199977437,
            "children": {
                "TrainerController._reset_env": {
                    "total": 32.74236,
                    "count": 1,
                    "self": 32.74236
                },
                "TrainerController.advance": {
                    "total": 3048.806746800022,
                    "count": 106467,
                    "self": 1.9552883999867845,
                    "children": {
                        "env_step": {
                            "total": 2804.034738700006,
                            "count": 106467,
                            "self": 2726.1260760000127,
                            "children": {
                                "SubprocessEnvManager._take_step": {
                                    "total": 76.7174402999924,
                                    "count": 106467,
                                    "self": 5.285299299941499,
                                    "children": {
                                        "TorchPolicy.evaluate": {
                                            "total": 71.4321410000509,
                                            "count": 106467,
                                            "self": 15.118241900006169,
                                            "children": {
                                                "TorchPolicy.sample_actions": {
                                                    "total": 56.313899100044736,
                                                    "count": 106467,
                                                    "self": 56.313899100044736
                                                }
                                            }
                                        }
                                    }
                                },
                                "workers": {
                                    "total": 1.1912224000008962,
                                    "count": 106466,
                                    "self": 0.0,
                                    "children": {
                                        "worker_root": {
                                            "total": 2985.091177899966,
                                            "count": 106466,
                                            "is_parallel": true,
                                            "self": 420.2269026999629,