{"count":1,"self":6700.4424192,"total":9034.7830631,"children":{"InitializeActuators":{"count":8,"self":0.0019946,"total":0.0019946,"children":null},"InitializeSensors":{"count":8,"self":0.0019952999999999998,"total":0.0019952999999999998,"children":null},"AgentSendState":{"count":1599801,"self":200.8330112,"total":351.26856349999997,"children":{"CollectObservations":{"count":2559688,"self":19.0882336,"total":19.0882343,"children":null},"WriteActionMask":{"count":2559688,"self":4.6007544,"total":4.6007545,"children":null},"RequestDecision":{"count":2559688,"self":22.0874176,"total":126.746562,"children":{"AgentInfo.ToProto":{"count":2559688,"self":15.294763199999998,"total":104.65914439999999,"children":{"GenerateSensorData":{"count":2559688,"self":64.2231808,"total":89.364381299999991,"children":{"RayPerceptionSensor.Perceive":{"count":7679064,"self":25.141199999999998,"total":25.1411993,"children":null}}}}}}}}},"DecideAction":{"count":1599801,"self":1924.4638208,"total":1924.4637665,"children":null},"AgentAct":{"count":1599801,"self":58.4736,"total":58.602275799999994,"children":{"AgentInfo.ToProto":{"count":2552,"self":0.0309188,"total":0.1286737,"children":{"GenerateSensorData":{"count":2552,"self":0.06783249999999999,"total":0.097754899999999992,"children":{"RayPerceptionSensor.Perceive":{"count":7656,"self":0.0299224,"total":0.0299224,"children":null}}}}}}}},"gauges":{"Hummingbird.CumulativeReward":{"count":2552,"max":3.023759,"min":-21,"runningAverage":-0.136879951,"value":0,"weightedAverage":-0.0565465875}},"metadata":{"timer_format_version":"0.1.0","start_time_seconds":"1670794771","unity_version":"2021.3.4f1","command_line_arguments":"C:\\Program Files\\Unity\\Hub\\Editor\\2021.3.4f1\\Editor\\Unity.exe -projectpath C:\\Users\\Nadia\\Documents\\GitHub\\milestone-repository-nadianadeem\\Happyland -useHub -hubIPC -cloudEnvironment production -licensingIpc LicenseClient-Nadia -hubSessionId 58c9d330-7980-11ed-8dbb-ddeee799b862 -accessToken OGa_wChYXvxzRoXDsvD7W2nRs_gQAs6DveR_Oi7iHTg005f","communication_protocol_version":"1.5.0","com.unity.ml-agents_version":"2.0.1","scene_name":"MainGameScene 1","end_time_seconds":"1670803806"}}